{"cameraMode":{"drawMode":0,"name":"Shaded","section":"Shading Mode"},"sceneLighting":false,"audioPlay":false,"sceneViewState":{"showFog":true,"showMaterialUpdate":false,"showSkybox":true,"showFlares":true,"showImageEffects":true,"showParticleSystems":true},"in2DMode":false,"pivot":{"x":0.361083984375,"y":0.26373291015625,"z":-0.05059814453125},"rotation":{"x":0.13099825382232667,"y":-0.5654234290122986,"z":0.09153714030981064,"w":0.8091704845428467},"size":1.5065929889678956,"orthographic":true}