{"cameraMode":{"drawMode":0,"name":"Shaded","section":"Shading Mode"},"sceneLighting":true,"audioPlay":false,"sceneViewState":{"showFog":true,"showMaterialUpdate":false,"showSkybox":true,"showFlares":true,"showImageEffects":true,"showParticleSystems":true},"in2DMode":false,"pivot":{"x":-0.1964542716741562,"y":-0.08884834498167038,"z":0.4725225567817688},"rotation":{"x":-0.24629990756511689,"y":-0.42296287417411806,"z":0.12062254548072815,"w":-0.8636486530303955},"size":4.065756797790527,"orthographic":false}